RAAN,Maximum Distance
4.648133191619142e-07,10987.617922439187
